{"A":{"0":0.7409722385,"1":-1.2520873335,"2":0.7781375262,"3":0.5181832547,"4":0.660047816,"5":0.0730506256,"6":1.0771782329,"7":0.308994405,"8":-0.5547305219,"9":-0.8820567647},"B":{"0":0.4072112747,"1":-1.6968692017,"2":-0.3712500035,"3":-0.2781878293,"4":0.5598488074,"5":-3.1008666825,"6":-2.0596914065,"7":1.4761034966,"8":-1.1327820536,"9":1.3059181221},"C":{"0":0.8810550362,"1":-0.1081319494,"2":-2.2906483955,"3":-0.390526618,"4":1.0188139598,"5":-0.9626971774,"6":0.8583037021,"7":-0.3166156114,"8":0.7082469348,"9":0.4372347702},"D":{"0":-0.7506868956,"1":0.7037530697,"2":0.7969493021,"3":-0.5351057112,"4":0.0918200661,"5":0.575605756,"6":-0.3198027153,"7":1.3990278889,"8":1.4780560809,"9":1.1405896328},"E":{"0":1.0023269817,"1":-0.2503905655,"2":0.3174462333,"3":-0.6576740169,"4":-0.0337985011,"5":3.4791837375,"6":2.5534331546,"7":-0.675837017,"8":-1.0878185211,"9":-0.8172958187}}