{"A":{"0":-0.1815721449,"1":0.1934589755,"2":-1.6669596774,"3":1.0432911141,"4":-2.9112152413,"5":-0.0378733939,"6":0.6971603989,"7":-1.038530363,"8":-0.1809470522,"9":0.0744887537},"B":{"0":1.814425867,"1":-0.7615846175,"2":-1.0259556473,"3":-0.5445940315,"4":0.1769664293,"5":-0.1352203125,"6":-0.9123635855,"7":0.6803397877,"8":0.0700509219,"9":1.7331097871},"C":{"0":1.2549136911,"1":0.3528317977,"2":-2.174589521,"3":1.4126225017,"4":0.4228960788,"5":1.7293546414,"6":0.8655807658,"7":0.37439683,"8":0.736314637,"9":-1.2822669747},"D":{"0":2.7433397626,"1":0.3135357979,"2":-0.2793106279,"3":-0.4849750821,"4":0.2091170319,"5":0.7954658523,"6":0.4476450494,"7":-0.6787471309,"8":0.6744297108,"9":-0.108709894},"E":{"0":-0.4604669239,"1":-1.7430628607,"2":1.2923551101,"3":0.0954459772,"4":1.2701351994,"5":0.4060902941,"6":-0.1749188182,"7":0.1088493917,"8":-0.0595663125,"9":-0.4872845829}}