{"A":{"0":-0.0326379608,"1":-0.9671858463,"2":1.5531629393,"3":-1.3835886675,"4":-2.1434004249,"5":0.2421201989,"6":0.5558248404,"7":-0.0059640493,"8":1.5234888465,"9":-1.250488747},"B":{"0":-0.5762763086,"1":0.2836455346,"2":1.2014602951,"3":-0.3248641478,"4":-0.4199818417,"5":-1.1387621244,"6":0.378123433,"7":-0.3177297557,"8":1.0856050014,"9":-0.4188737818},"C":{"0":0.0449364624,"1":-0.428528354,"2":-1.4614527132,"3":1.959977913,"4":-1.041489233,"5":-1.7789428345,"6":0.0657659308,"7":0.7464356831,"8":-0.6058934216,"9":0.520128887},"D":{"0":-1.1207668093,"1":-0.2743538689,"2":1.8806993415,"3":-0.3075062419,"4":-0.9929704338,"5":1.4819344691,"6":-0.1016310881,"7":0.4094770632,"8":-0.7075415559,"9":0.9392440057},"E":{"0":-1.421207403,"1":-0.8242863202,"2":0.6082138807,"3":-1.0146297843,"4":-1.1063444557,"5":-0.2634842904,"6":-0.0337230715,"7":1.0397852224,"8":-0.5632628738,"9":0.0707967851}}