{"A":{"0":-1.4740128288,"1":-0.1821975379,"2":2.595349253,"3":-0.0996297693,"4":0.3808155221,"5":0.4459829994,"6":-0.6536498464,"7":0.4838703703,"8":0.493440534,"9":-1.5125326908},"B":{"0":0.0754678145,"1":-0.9546485099,"2":0.4327443305,"3":-2.1985166118,"4":0.2610552764,"5":-2.0997881889,"6":0.8005858264,"7":-0.1065339781,"8":0.3591586041,"9":-0.4337239904},"C":{"0":0.2215077061,"1":0.9032416974,"2":-1.2551823505,"3":1.714156987,"4":-1.076073413,"5":-0.5093163805,"6":0.3030524469,"7":-1.374733697,"8":1.239513879,"9":0.0452675828},"D":{"0":0.3044706764,"1":1.5482811392,"2":0.3991920971,"3":-0.3677052672,"4":-0.0051125347,"5":0.0920328299,"6":-0.3378863583,"7":1.195699953,"8":0.2946035455,"9":0.5918470578},"E":{"0":1.0842627948,"1":-0.6056513749,"2":-0.5037254798,"3":0.6841707814,"4":1.2199428127,"5":-0.6188604643,"6":1.1882149287,"7":0.073600527,"8":-2.0224956043,"9":2.4144203488}}